{
    "state": {
        "isStdOutTTY": true,
        "isStdErrTTY": true,
        "testRunDurationMs": 81166.2213
    },
    "metrics": {
        "http_req_receiving": {
            "type": "trend",
            "contains": "time",
            "values": {
                "avg": 206.2380475643564,
                "min": 0,
                "med": 0,
                "max": 45255.1713,
                "p(90)": 0,
                "p(95)": 1.0006
            }
        },
        "http_req_blocked": {
            "values": {
                "min": 0,
                "med": 6885.8355,
                "max": 17199.2592,
                "p(90)": 9391.61331,
                "p(95)": 10870.139940000001,
                "avg": 6447.912112663383
            },
            "type": "trend",
            "contains": "time"
        },
        "http_req_duration{expected_response:true}": {
            "values": {
                "min": 338.8964,
                "med": 21832.424,
                "max": 53003.613,
                "p(90)": 25509.602850000003,
                "p(95)": 32691.535675,
                "avg": 20958.576906660008
            },
            "type": "trend",
            "contains": "time"
        },
        "http_req_duration": {
            "type": "trend",
            "contains": "time",
            "values": {
                "min": 0,
                "med": 20875.06875,
                "max": 58421.7782,
                "p(90)": 53660.036199999995,
                "p(95)": 53827.519875,
                "avg": 28229.29293887133
            }
        },
        "vus_max": {
            "type": "gauge",
            "contains": "default",
            "values": {
                "min": 4727,
                "max": 10010,
                "value": 10010
            }
        },
        "http_req_sending": {
            "type": "trend",
            "contains": "time",
            "values": {
                "med": 0,
                "max": 14977.9287,
                "p(90)": 0,
                "p(95)": 0.7548299999999762,
                "avg": 8.617609297029732,
                "min": 0
            }
        },
        "iteration_duration": {
            "values": {
                "avg": 40883.217022910976,
                "min": 1340.1142,
                "med": 27303.1606,
                "max": 71055.3084,
                "p(90)": 69141.5231,
                "p(95)": 69991.826875
            },
            "type": "trend",
            "contains": "time"
        },
        "iterations": {
            "type": "counter",
            "contains": "default",
            "values": {
                "count": 10100,
                "rate": 124.43600106341282
            }
        },
        "http_req_waiting": {
            "type": "trend",
            "contains": "time",
            "values": {
                "med": 20098.550300000003,
                "max": 58421.7782,
                "p(90)": 53659.8202,
                "p(95)": 53827.37546,
                "avg": 28014.437282009927,
                "min": 0
            }
        },
        "group_duration": {
            "type": "trend",
            "contains": "time",
            "values": {
                "p(95)": 69990.905795,
                "avg": 40883.09059336642,
                "min": 1340.1142,
                "med": 27303.1606,
                "max": 71055.3084,
                "p(90)": 69141.5231
            }
        },
        "http_reqs": {
            "type": "counter",
            "contains": "default",
            "values": {
                "count": 10100,
                "rate": 124.43600106341282
            }
        },
        "data_sent": {
            "type": "counter",
            "contains": "data",
            "values": {
                "count": 3383333,
                "rate": 41684.0028500871
            }
        },
        "data_received": {
            "type": "counter",
            "contains": "data",
            "values": {
                "count": 7485802,
                "rate": 92228.0461022275
            }
        },
        "http_req_connecting": {
            "values": {
                "max": 17199.2592,
                "p(90)": 9391.61331,
                "p(95)": 10869.83404,
                "avg": 6441.188026801991,
                "min": 0,
                "med": 6885.8355
            },
            "type": "trend",
            "contains": "time"
        },
        "http_req_tls_handshaking": {
            "contains": "time",
            "values": {
                "max": 0,
                "p(90)": 0,
                "p(95)": 0,
                "avg": 0,
                "min": 0,
                "med": 0
            },
            "type": "trend"
        },
        "http_req_failed": {
            "type": "rate",
            "contains": "default",
            "values": {
                "fails": 1006,
                "rate": 0.9003960396039604,
                "passes": 9094
            }
        },
        "vus": {
            "type": "gauge",
            "contains": "default",
            "values": {
                "value": 10,
                "min": 0,
                "max": 10010
            }
        },
        "checks": {
            "contains": "default",
            "values": {
                "rate": 0.09960396039603961,
                "passes": 1006,
                "fails": 9094
            },
            "type": "rate"
        }
    },
    "root_group": {
        "path": "",
        "id": "d41d8cd98f00b204e9800998ecf8427e",
        "groups": [
            {
                "id": "b0ab9bacb0cc2e19dcf401a86247cb84",
                "groups": [],
                "checks": [
                    {
                        "passes": 1006,
                        "fails": 9094,
                        "name": "Status is 200",
                        "path": "::Verify following::Status is 200",
                        "id": "6315fff1e143c062a45c7000711e3796"
                    }
                ],
                "name": "Verify following",
                "path": "::Verify following"
            }
        ],
        "checks": [],
        "name": ""
    },
    "options": {
        "summaryTrendStats": [
            "avg",
            "min",
            "med",
            "max",
            "p(90)",
            "p(95)"
        ],
        "summaryTimeUnit": "",
        "noColor": false
    }
}