{
    "options": {
        "summaryTimeUnit": "",
        "noColor": false,
        "summaryTrendStats": [
            "avg",
            "min",
            "med",
            "max",
            "p(90)",
            "p(95)"
        ]
    },
    "state": {
        "isStdOutTTY": true,
        "isStdErrTTY": true,
        "testRunDurationMs": 181324.527
    },
    "metrics": {
        "http_req_waiting": {
            "type": "trend",
            "contains": "time",
            "values": {
                "avg": 396.82475704225385,
                "min": 268.1581,
                "med": 312.77165,
                "max": 3122.5609,
                "p(90)": 484.08923999999996,
                "p(95)": 1208.7139549999995
            }
        },
        "iteration_duration": {
            "values": {
                "p(95)": 2297.6031,
                "avg": 1414.3227999999988,
                "min": 1276.0933,
                "med": 1321.77,
                "max": 4250.1369,
                "p(90)": 1507.2962599999998
            },
            "type": "trend",
            "contains": "time"
        },
        "http_req_receiving": {
            "values": {
                "p(90)": 0.5114,
                "p(95)": 0.9582,
                "avg": 0.11340899843505475,
                "min": 0,
                "med": 0,
                "max": 1.196
            },
            "type": "trend",
            "contains": "time"
        },
        "iterations": {
            "type": "counter",
            "contains": "default",
            "values": {
                "count": 1278,
                "rate": 7.048136405727395
            }
        },
        "http_req_blocked": {
            "contains": "time",
            "values": {
                "min": 0,
                "med": 0,
                "max": 282.5231,
                "p(90)": 32.54412999999998,
                "p(95)": 85.8934199999999,
                "avg": 9.141549295774642
            },
            "type": "trend"
        },
        "http_req_duration{expected_response:true}": {
            "type": "trend",
            "contains": "time",
            "values": {
                "min": 268.1581,
                "med": 312.8811,
                "max": 1599.2481,
                "p(90)": 475.46068000000105,
                "p(95)": 1205.46793,
                "avg": 390.59817011764767
            }
        },
        "http_req_sending": {
            "type": "trend",
            "contains": "time",
            "values": {
                "min": 0,
                "med": 0,
                "max": 0.9971,
                "p(90)": 0,
                "p(95)": 0,
                "avg": 0.018374334898278565
            }
        },
        "vus_max": {
            "contains": "default",
            "values": {
                "max": 160,
                "value": 160,
                "min": 160
            },
            "type": "gauge"
        },
        "checks": {
            "type": "rate",
            "contains": "default",
            "values": {
                "rate": 0.9976525821596244,
                "passes": 1275,
                "fails": 3
            }
        },
        "http_req_failed": {
            "type": "rate",
            "contains": "default",
            "values": {
                "rate": 0.002347417840375587,
                "passes": 3,
                "fails": 1275
            }
        },
        "group_duration": {
            "type": "trend",
            "contains": "time",
            "values": {
                "max": 4250.1369,
                "p(90)": 1507.2962599999998,
                "p(95)": 2297.6031,
                "avg": 1414.283829264475,
                "min": 1276.0933,
                "med": 1321.77
            }
        },
        "http_req_duration": {
            "contains": "time",
            "values": {
                "p(95)": 1209.6428699999994,
                "avg": 396.9565403755875,
                "min": 268.1581,
                "med": 312.92179999999996,
                "max": 3122.5609,
                "p(90)": 484.08923999999996
            },
            "type": "trend"
        },
        "vus": {
            "type": "gauge",
            "contains": "default",
            "values": {
                "value": 11,
                "min": 0,
                "max": 100
            }
        },
        "http_req_tls_handshaking": {
            "type": "trend",
            "contains": "time",
            "values": {
                "avg": 0,
                "min": 0,
                "med": 0,
                "max": 0,
                "p(90)": 0,
                "p(95)": 0
            }
        },
        "http_reqs": {
            "type": "counter",
            "contains": "default",
            "values": {
                "count": 1278,
                "rate": 7.048136405727395
            }
        },
        "http_req_connecting": {
            "contains": "time",
            "values": {
                "avg": 9.079887636932696,
                "min": 0,
                "med": 0,
                "max": 282.5231,
                "p(90)": 32.50893999999999,
                "p(95)": 85.32463999999997
            },
            "type": "trend"
        },
        "data_received": {
            "type": "counter",
            "contains": "data",
            "values": {
                "count": 1337415,
                "rate": 7375.808568909159
            }
        },
        "data_sent": {
            "type": "counter",
            "contains": "data",
            "values": {
                "count": 433242,
                "rate": 2389.318241541587
            }
        }
    },
    "root_group": {
        "id": "d41d8cd98f00b204e9800998ecf8427e",
        "groups": [
            {
                "name": "Get Block List",
                "path": "::Get Block List",
                "id": "3535b2a33e7fae1f2ed2675064194a2a",
                "groups": [],
                "checks": [
                    {
                        "name": "Status is 200 or 400",
                        "path": "::Get Block List::Status is 200 or 400",
                        "id": "de1cfe3ee478a69d03dcdf62ef58131f",
                        "passes": 1275,
                        "fails": 3
                    }
                ]
            }
        ],
        "checks": [],
        "name": "",
        "path": ""
    }
}