{
    "state": {
        "isStdOutTTY": true,
        "isStdErrTTY": true,
        "testRunDurationMs": 202115.5203
    },
    "metrics": {
        "http_req_receiving": {
            "type": "trend",
            "contains": "time",
            "values": {
                "avg": 0.1807112026359143,
                "min": 0,
                "med": 0,
                "max": 1.057,
                "p(90)": 0.7265799999999998,
                "p(95)": 0.9284
            }
        },
        "vus_max": {
            "values": {
                "value": 210,
                "min": 210,
                "max": 210
            },
            "type": "gauge",
            "contains": "default"
        },
        "http_req_duration": {
            "values": {
                "avg": 14214.095332289964,
                "min": 620.13,
                "med": 9660.0957,
                "max": 40122.9573,
                "p(90)": 34428.9432,
                "p(95)": 38470.744289999995
            },
            "type": "trend",
            "contains": "time"
        },
        "http_req_connecting": {
            "type": "trend",
            "contains": "time",
            "values": {
                "max": 158.7807,
                "p(90)": 98.0157,
                "p(95)": 124.4456399999999,
                "avg": 24.801514827018117,
                "min": 0,
                "med": 0
            }
        },
        "data_sent": {
            "type": "counter",
            "contains": "data",
            "values": {
                "count": 170822,
                "rate": 845.1701271948289
            }
        },
        "iteration_duration": {
            "type": "trend",
            "contains": "time",
            "values": {
                "avg": 25935.75893002833,
                "min": 3909.9991,
                "med": 30415.6365,
                "max": 46192.6239,
                "p(90)": 40997.86778000001,
                "p(95)": 42825.07858
            }
        },
        "iterations": {
            "type": "counter",
            "contains": "default",
            "values": {
                "count": 353,
                "rate": 1.7465259445491481
            }
        },
        "checks": {
            "type": "rate",
            "contains": "default",
            "values": {
                "rate": 0.7927083333333333,
                "passes": 761,
                "fails": 199
            }
        },
        "http_req_waiting": {
            "contains": "time",
            "values": {
                "med": 9660.0957,
                "max": 40122.9573,
                "p(90)": 34428.55968,
                "p(95)": 38470.744289999995,
                "avg": 14213.894061614503,
                "min": 619.8136
            },
            "type": "trend"
        },
        "http_reqs": {
            "type": "counter",
            "contains": "default",
            "values": {
                "count": 607,
                "rate": 3.0032329981340875
            }
        },
        "http_req_sending": {
            "type": "trend",
            "contains": "time",
            "values": {
                "max": 1.0597,
                "p(90)": 0,
                "p(95)": 0.004549999999999556,
                "avg": 0.020559472817133443,
                "min": 0,
                "med": 0
            }
        },
        "group_duration": {
            "type": "trend",
            "contains": "time",
            "values": {
                "max": 46192.6239,
                "p(90)": 40997.86778000001,
                "p(95)": 42825.07858,
                "avg": 25935.741963456094,
                "min": 3909.9173,
                "med": 30415.6365
            }
        },
        "vus": {
            "type": "gauge",
            "contains": "default",
            "values": {
                "value": 9,
                "min": 0,
                "max": 100
            }
        },
        "http_req_tls_handshaking": {
            "type": "trend",
            "contains": "time",
            "values": {
                "p(90)": 0,
                "p(95)": 0,
                "avg": 0,
                "min": 0,
                "med": 0,
                "max": 0
            }
        },
        "http_req_failed": {
            "type": "rate",
            "contains": "default",
            "values": {
                "fails": 507,
                "rate": 0.16474464579901152,
                "passes": 100
            }
        },
        "http_req_blocked": {
            "contains": "time",
            "values": {
                "med": 0,
                "max": 159.7787,
                "p(90)": 98.04621999999999,
                "p(95)": 125.55094999999993,
                "avg": 24.90810049423394,
                "min": 0
            },
            "type": "trend"
        },
        "http_req_duration{expected_response:true}": {
            "type": "trend",
            "contains": "time",
            "values": {
                "avg": 10065.93205167653,
                "min": 620.13,
                "med": 5662.9316,
                "max": 37477.1125,
                "p(90)": 24044.93400000001,
                "p(95)": 27046.20283
            }
        },
        "data_received": {
            "type": "counter",
            "contains": "data",
            "values": {
                "count": 448846,
                "rate": 2220.739898320416
            }
        }
    },
    "root_group": {
        "name": "",
        "path": "",
        "id": "d41d8cd98f00b204e9800998ecf8427e",
        "groups": [
            {
                "name": "Get Tweet Replies",
                "path": "::Get Tweet Replies",
                "id": "5d3d712dce45c31a5718aca63bece77a",
                "groups": [],
                "checks": [
                    {
                        "id": "81a494d19ab9f6da4c7101e0ba1848c0",
                        "passes": 254,
                        "fails": 99,
                        "name": "Status is 201",
                        "path": "::Get Tweet Replies::Status is 201"
                    },
                    {
                        "passes": 254,
                        "fails": 99,
                        "name": "Response includes token",
                        "path": "::Get Tweet Replies::Response includes token",
                        "id": "30ed2307a67ee2ac1cad798032467b85"
                    },
                    {
                        "id": "25b646a67c46a1abbf85dbb01debc547",
                        "passes": 253,
                        "fails": 1,
                        "name": "Status is 200",
                        "path": "::Get Tweet Replies::Status is 200"
                    }
                ]
            }
        ],
        "checks": []
    },
    "options": {
        "summaryTrendStats": [
            "avg",
            "min",
            "med",
            "max",
            "p(90)",
            "p(95)"
        ],
        "summaryTimeUnit": "",
        "noColor": false
    }
}