{
    "options": {
        "summaryTrendStats": [
            "avg",
            "min",
            "med",
            "max",
            "p(90)",
            "p(95)"
        ],
        "summaryTimeUnit": "",
        "noColor": false
    },
    "state": {
        "isStdOutTTY": true,
        "isStdErrTTY": true,
        "testRunDurationMs": 61071.6947
    },
    "metrics": {
        "http_reqs": {
            "type": "counter",
            "contains": "default",
            "values": {
                "count": 5000,
                "rate": 81.87098826324203
            }
        },
        "iteration_duration": {
            "type": "trend",
            "contains": "time",
            "values": {
                "med": 20611.196900000003,
                "max": 61029.875,
                "p(90)": 25242.15132,
                "p(95)": 27297.77131,
                "avg": 19226.122772000075,
                "min": 3577.4726
            }
        },
        "http_req_duration{expected_response:true}": {
            "type": "trend",
            "contains": "time",
            "values": {
                "min": 18385.854,
                "med": 25827.7957,
                "max": 27345.1031,
                "p(90)": 27101.91766,
                "p(95)": 27222.258105,
                "avg": 23741.04875655738
            }
        },
        "iterations": {
            "type": "counter",
            "contains": "default",
            "values": {
                "count": 5000,
                "rate": 81.87098826324203
            }
        },
        "http_req_tls_handshaking": {
            "contains": "time",
            "values": {
                "avg": 218.1045039199996,
                "min": 0,
                "med": 0,
                "max": 4340.4734,
                "p(90)": 988.1129900000002,
                "p(95)": 1518.89055
            },
            "type": "trend"
        },
        "http_req_waiting": {
            "type": "trend",
            "contains": "time",
            "values": {
                "p(95)": 23800.2692,
                "avg": 3299.892576240002,
                "min": 0,
                "med": 0,
                "max": 58488.7687,
                "p(90)": 22274.5626
            }
        },
        "checks": {
            "type": "rate",
            "contains": "default",
            "values": {
                "fails": 4878,
                "rate": 0.0244,
                "passes": 122
            }
        },
        "data_sent": {
            "type": "counter",
            "contains": "data",
            "values": {
                "count": 864806,
                "rate": 14160.504375196255
            }
        },
        "vus": {
            "type": "gauge",
            "contains": "default",
            "values": {
                "min": 33,
                "max": 5000,
                "value": 33
            }
        },
        "http_req_blocked": {
            "type": "trend",
            "contains": "time",
            "values": {
                "avg": 416.89748036000015,
                "min": 0,
                "med": 0,
                "max": 15428.504,
                "p(90)": 1502.6428800000003,
                "p(95)": 2044.7520950000005
            }
        },
        "vus_max": {
            "type": "gauge",
            "contains": "default",
            "values": {
                "value": 5000,
                "min": 5000,
                "max": 5000
            }
        },
        "http_req_sending": {
            "type": "trend",
            "contains": "time",
            "values": {
                "avg": 0.007480479999999996,
                "min": 0,
                "med": 0,
                "max": 0.577,
                "p(90)": 0,
                "p(95)": 0
            }
        },
        "group_duration": {
            "contains": "time",
            "values": {
                "max": 61029.875,
                "p(90)": 25242.15132,
                "p(95)": 27297.7674,
                "avg": 19226.06159912007,
                "min": 3577.4726,
                "med": 20611.196900000003
            },
            "type": "trend"
        },
        "http_req_duration": {
            "values": {
                "avg": 3299.9157692200033,
                "min": 0,
                "med": 0,
                "max": 58488.7687,
                "p(90)": 22274.61912,
                "p(95)": 23800.286975
            },
            "type": "trend",
            "contains": "time"
        },
        "http_req_failed": {
            "type": "rate",
            "contains": "default",
            "values": {
                "rate": 0.9756,
                "passes": 4878,
                "fails": 122
            }
        },
        "http_req_connecting": {
            "type": "trend",
            "contains": "time",
            "values": {
                "min": 0,
                "med": 0,
                "max": 15277.2457,
                "p(90)": 408.9057,
                "p(95)": 508.5461,
                "avg": 493.6174766800004
            }
        },
        "data_received": {
            "values": {
                "count": 4641685,
                "rate": 76003.86763133331
            },
            "type": "counter",
            "contains": "data"
        },
        "http_req_receiving": {
            "type": "trend",
            "contains": "time",
            "values": {
                "p(90)": 0,
                "p(95)": 0,
                "avg": 0.01571249999999999,
                "min": 0,
                "med": 0,
                "max": 1.0863
            }
        }
    },
    "root_group": {
        "path": "",
        "id": "d41d8cd98f00b204e9800998ecf8427e",
        "groups": [
            {
                "name": "Retweet Tweet",
                "path": "::Retweet Tweet",
                "id": "11b523fb97fb9a1b79783b8cc3f5c2b2",
                "groups": [],
                "checks": [
                    {
                        "fails": 4878,
                        "name": "Status is 204",
                        "path": "::Retweet Tweet::Status is 204",
                        "id": "1320cc99f9fefaa2c5b826a1c614e0f9",
                        "passes": 122
                    }
                ]
            }
        ],
        "checks": [],
        "name": ""
    }
}