{
    "metrics": {
        "http_req_sending": {
            "type": "trend",
            "contains": "time",
            "values": {
                "avg": 0.0063475599999999995,
                "min": 0,
                "med": 0,
                "max": 1.7588,
                "p(90)": 0,
                "p(95)": 0
            }
        },
        "http_req_duration{expected_response:true}": {
            "type": "trend",
            "contains": "time",
            "values": {
                "avg": 22725.818098379048,
                "min": 4718.4997,
                "med": 24577.4363,
                "max": 28028.8904,
                "p(90)": 25737.20046,
                "p(95)": 25991.15711
            }
        },
        "vus_max": {
            "type": "gauge",
            "contains": "default",
            "values": {
                "min": 5000,
                "max": 5000,
                "value": 5000
            }
        },
        "http_req_waiting": {
            "type": "trend",
            "contains": "time",
            "values": {
                "med": 0,
                "max": 58453.4559,
                "p(90)": 24363.911559999997,
                "p(95)": 25336.11122,
                "avg": 3775.203568780001,
                "min": 0
            }
        },
        "http_reqs": {
            "type": "counter",
            "contains": "default",
            "values": {
                "count": 5000,
                "rate": 81.87748036261564
            }
        },
        "http_req_receiving": {
            "type": "trend",
            "contains": "time",
            "values": {
                "max": 1.079,
                "p(90)": 0,
                "p(95)": 0,
                "avg": 0.017497200000000025,
                "min": 0,
                "med": 0
            }
        },
        "iteration_duration": {
            "contains": "time",
            "values": {
                "p(95)": 29878.9474,
                "avg": 20263.155418339877,
                "min": 6162.4074,
                "med": 19446.5311,
                "max": 61026.8523,
                "p(90)": 27881.44506
            },
            "type": "trend"
        },
        "iterations": {
            "type": "counter",
            "contains": "default",
            "values": {
                "rate": 81.87748036261564,
                "count": 5000
            }
        },
        "http_req_blocked": {
            "type": "trend",
            "contains": "time",
            "values": {
                "avg": 582.7447467800006,
                "min": 0,
                "med": 0,
                "max": 15528.0031,
                "p(90)": 2285.89602,
                "p(95)": 3361.04372
            }
        },
        "data_sent": {
            "contains": "data",
            "values": {
                "count": 715139,
                "rate": 11710.755885808117
            },
            "type": "counter"
        },
        "data_received": {
            "values": {
                "count": 3881139,
                "rate": 63555.576451416346
            },
            "type": "counter",
            "contains": "data"
        },
        "http_req_duration": {
            "type": "trend",
            "contains": "time",
            "values": {
                "avg": 3775.227413539999,
                "min": 0,
                "med": 0,
                "max": 58453.4559,
                "p(90)": 24363.92525,
                "p(95)": 25336.11122
            }
        },
        "http_req_connecting": {
            "type": "trend",
            "contains": "time",
            "values": {
                "p(95)": 4115.9201,
                "avg": 673.2619412800015,
                "min": 0,
                "med": 0,
                "max": 15306.0908,
                "p(90)": 439.6871
            }
        },
        "http_req_tls_handshaking": {
            "contains": "time",
            "values": {
                "med": 0,
                "max": 7517.6018,
                "p(90)": 1448.3362900000004,
                "p(95)": 2101.8204750000004,
                "avg": 289.43516537999994,
                "min": 0
            },
            "type": "trend"
        },
        "group_duration": {
            "type": "trend",
            "contains": "time",
            "values": {
                "p(95)": 29878.9474,
                "avg": 20263.095834679894,
                "min": 6162.4074,
                "med": 19446.5311,
                "max": 61026.8523,
                "p(90)": 27881.44506
            }
        },
        "http_req_failed": {
            "values": {
                "rate": 0.8396,
                "passes": 4198,
                "fails": 802
            },
            "type": "rate",
            "contains": "default"
        },
        "checks": {
            "type": "rate",
            "contains": "default",
            "values": {
                "passes": 802,
                "fails": 4198,
                "rate": 0.1604
            }
        },
        "vus": {
            "type": "gauge",
            "contains": "default",
            "values": {
                "value": 31,
                "min": 31,
                "max": 5000
            }
        }
    },
    "root_group": {
        "name": "",
        "path": "",
        "id": "d41d8cd98f00b204e9800998ecf8427e",
        "groups": [
            {
                "checks": [
                    {
                        "id": "6a9d5973a187405c5a724d8ba029a03a",
                        "passes": 802,
                        "fails": 4198,
                        "name": "Status is 200 or 400",
                        "path": "::Get chat::Status is 200 or 400"
                    }
                ],
                "name": "Get chat",
                "path": "::Get chat",
                "id": "5362ee6223b512813aae7d766e52a233",
                "groups": []
            }
        ],
        "checks": []
    },
    "options": {
        "summaryTimeUnit": "",
        "noColor": false,
        "summaryTrendStats": [
            "avg",
            "min",
            "med",
            "max",
            "p(90)",
            "p(95)"
        ]
    },
    "state": {
        "isStdOutTTY": true,
        "isStdErrTTY": true,
        "testRunDurationMs": 61066.8523
    }
}