{
    "metrics": {
        "vus_max": {
            "type": "gauge",
            "contains": "default",
            "values": {
                "max": 5000,
                "value": 5000,
                "min": 5000
            }
        },
        "data_sent": {
            "values": {
                "count": 711556,
                "rate": 11651.007643034227
            },
            "type": "counter",
            "contains": "data"
        },
        "http_req_connecting": {
            "type": "trend",
            "contains": "time",
            "values": {
                "max": 15316.4003,
                "p(90)": 367.8838,
                "p(95)": 444.0284,
                "avg": 203.3640705200005,
                "min": 0,
                "med": 0
            }
        },
        "http_req_waiting": {
            "contains": "time",
            "values": {
                "p(90)": 8479.94755,
                "p(95)": 9368.727610000005,
                "avg": 1504.0385393800004,
                "min": 0,
                "med": 0,
                "max": 11485.514
            },
            "type": "trend"
        },
        "group_duration": {
            "type": "trend",
            "contains": "time",
            "values": {
                "avg": 18435.142186959918,
                "min": 2481.6674,
                "med": 20127.0471,
                "max": 61035.8665,
                "p(90)": 21937.856499999998,
                "p(95)": 22232.9944
            }
        },
        "http_req_failed": {
            "type": "rate",
            "contains": "default",
            "values": {
                "rate": 0.817,
                "passes": 4085,
                "fails": 915
            }
        },
        "vus": {
            "type": "gauge",
            "contains": "default",
            "values": {
                "max": 5000,
                "value": 19,
                "min": 19
            }
        },
        "http_req_duration": {
            "type": "trend",
            "contains": "time",
            "values": {
                "med": 0,
                "max": 11485.514,
                "p(90)": 8479.948690000001,
                "p(95)": 9368.753635000006,
                "avg": 1504.0655963200004,
                "min": 0
            }
        },
        "iteration_duration": {
            "contains": "time",
            "values": {
                "min": 2481.6674,
                "med": 20127.0471,
                "max": 61035.8665,
                "p(90)": 21937.856499999998,
                "p(95)": 22232.9944,
                "avg": 18435.192692219924
            },
            "type": "trend"
        },
        "http_req_tls_handshaking": {
            "type": "trend",
            "contains": "time",
            "values": {
                "avg": 295.0628225999995,
                "min": 0,
                "med": 0,
                "max": 9993.328,
                "p(90)": 1202.4769300000005,
                "p(95)": 2269.44625
            }
        },
        "data_received": {
            "type": "counter",
            "contains": "data",
            "values": {
                "count": 6558907,
                "rate": 107395.44826682747
            }
        },
        "http_req_blocked": {
            "type": "trend",
            "contains": "time",
            "values": {
                "avg": 447.17377899999946,
                "min": 0,
                "med": 0,
                "max": 15494.5621,
                "p(90)": 1697.3211800000001,
                "p(95)": 2926.9885249999998
            }
        },
        "http_reqs": {
            "values": {
                "count": 5000,
                "rate": 81.86992761661926
            },
            "type": "counter",
            "contains": "default"
        },
        "http_req_sending": {
            "type": "trend",
            "contains": "time",
            "values": {
                "p(95)": 0,
                "avg": 0.004605840000000002,
                "min": 0,
                "med": 0,
                "max": 1.2241,
                "p(90)": 0
            }
        },
        "http_req_receiving": {
            "type": "trend",
            "contains": "time",
            "values": {
                "avg": 0.02245109999999999,
                "min": 0,
                "med": 0,
                "max": 1.1026,
                "p(90)": 0,
                "p(95)": 0
            }
        },
        "iterations": {
            "type": "counter",
            "contains": "default",
            "values": {
                "count": 5000,
                "rate": 81.86992761661926
            }
        },
        "checks": {
            "contains": "default",
            "values": {
                "rate": 0.183,
                "passes": 915,
                "fails": 4085
            },
            "type": "rate"
        },
        "http_req_duration{expected_response:true}": {
            "type": "trend",
            "contains": "time",
            "values": {
                "max": 11485.514,
                "p(90)": 10209.0815,
                "p(95)": 10432.85651,
                "avg": 8120.782478469946,
                "min": 315.8243,
                "med": 8581.3421
            }
        }
    },
    "root_group": {
        "id": "d41d8cd98f00b204e9800998ecf8427e",
        "groups": [
            {
                "name": "Get Chat All",
                "path": "::Get Chat All",
                "id": "a65cad35a78fbc8602278c4f255340e6",
                "groups": [],
                "checks": [
                    {
                        "name": "Status is 200 or 400",
                        "path": "::Get Chat All::Status is 200 or 400",
                        "id": "f17a5c63a6752547d13dcb8682f0fcf4",
                        "passes": 915,
                        "fails": 4085
                    }
                ]
            }
        ],
        "checks": [],
        "name": "",
        "path": ""
    },
    "options": {
        "noColor": false,
        "summaryTrendStats": [
            "avg",
            "min",
            "med",
            "max",
            "p(90)",
            "p(95)"
        ],
        "summaryTimeUnit": ""
    },
    "state": {
        "isStdOutTTY": true,
        "isStdErrTTY": true,
        "testRunDurationMs": 61072.4859
    }
}